ID	Sample
HK68_mutlib_input_TTAGGCAT_L001_R1_001.fastq	HK68-DNA
Bk79_mutlib_input_GCCAATAT_L001_R1_001.fastq	Bk79-DNA
Bei89_mutlib_input_GATCAGAT_L001_R1_001.fastq	Bei89-DNA
Mos99_mutlib_input_CTTGTAAT_L001_R1_001.fastq	Mos99-DNA
Vic11_mutlib_input_ATGTCAAT_L001_R1_001.fastq	Vic11-DNA
HK19_mutlib_input_GTCCGCAT_L001_R1_001.fastq	HK19-DNA
HK68_mutlib_1_ATCACGAT_L001_R1_001.fastq	HK68-R1
Bk79_mutlib_1_TGACCAAT_L001_R1_001.fastq	Bk79-R1
Bei89_mutlib_1_CAGATCAT_L001_R1_001.fastq	Bei89-R1
Mos99_mutlib_1_TAGCTTAT_L001_R1_001.fastq	Mos99-R1
Vic11_mutlib_1_AGTCAAAT_L001_R1_001.fastq	Vic11-R1
HK19_mutlib_1_CCGTCCAT_L001_R1_001.fastq	HK19-R1
HK68_mutlib_2_CGATGTAT_L001_R1_001.fastq	HK68-R2
Bk79_mutlib_2_ACAGTGAT_L001_R1_001.fastq	Bk79-R2
Bei89_mutlib_2_ACTTGAAT_L001_R1_001.fastq	Bei89-R2
Mos99_mutlib_2_GGCTACAT_L001_R1_001.fastq	Mos99-R2
Vic11_mutlib_2_AGTTCCAT_L001_R1_001.fastq	Vic11-R2
HK19_mutlib_2_GTAGAGAT_L001_R1_001.fastq	HK19-R2
